Trans. Date,Post Date,Description,Amount,Category
06/04/2023,06/04/2023,"BANH MI STORY SAN JOSE CA",5.00,"Restaurants"
06/04/2023,06/04/2023,"STARBUCKS STORE 05926 VALLEJO CA216788EF93B2690232",5.45,"Restaurants"
06/05/2023,06/05/2023,"DR MARTENS AIRWAIR USA DRMARTENS.COMOR",102.15,"Merchandise"
06/06/2023,06/06/2023,"SQ *PINEAPPLE KING BAK GOSQ.COM CA0001152921512861222782",28.75,"Merchandise"
06/06/2023,06/06/2023,"SQ *YAMACHAN/MOCHILL SAN FRANCISCOCA0001152921512861847629",15.21,"Restaurants"
06/10/2023,06/10/2023,"INTERNET PAYMENT - THANK YOU",-156.56,"Payments and Credits"
06/10/2023,06/10/2023,"ZG * RENTAPPLICATION 206-516-2265 WAP-18583271",35.00,"Services"
06/12/2023,06/12/2023,"CONTRA COSTA COMM COLLEG 925-229-1000 CA",31.00,"Education"
06/12/2023,06/12/2023,"MINISO DEPOT SUNVALLEY CONCORD CA",28.52,"Merchandise"
06/15/2023,06/15/2023,"ALIEXPRESS LONDON GBR",66.08,"Department Stores"
06/15/2023,06/27/2023,"ALIEXPRESS LONDON GBR",-36.60,"Payments and Credits"
06/17/2023,06/17/2023,"BIG BANG BOBA & CHICKEN FAIRFIELD CAAPPLE PAY ENDING IN 0155",8.02,"Restaurants"
06/17/2023,06/17/2023,"MINISO DEPOT FAIRFIELD FAIRFIELD CAAPPLE PAY ENDING IN 0155",8.66,"Merchandise"
06/18/2023,06/18/2023,"ALIEXPRESS LONDON GBR",6.95,"Department Stores"
06/19/2023,06/19/2023,"COMBO EXPRESS VALLEJO CA",13.62,"Restaurants"
06/20/2023,06/20/2023,"INTERNET PAYMENT - THANK YOU",-94.52,"Payments and Credits"
06/20/2023,06/20/2023,"SHARE TEA VALLEJO CAAPPLE PAY ENDING IN 0155",4.65,"Restaurants"
06/22/2023,06/22/2023,"BATH AND BODY WORKS 3369 CONCORD CAAPPLE PAY ENDING IN 0155",15.11,"Merchandise"
06/22/2023,06/22/2023,"BATH AND BODY WORKS#5541 VALLEJO CAAPPLE PAY ENDING IN 0155",25.56,"Merchandise"
06/22/2023,06/22/2023,"BOBA N ME CONCORD CAAPPLE PAY ENDING IN 0155",7.30,"Restaurants"
06/22/2023,06/22/2023,"KOKO FRIED CHICKEN & HOT CONCORD CAAPPLE PAY ENDING IN 0155",6.79,"Restaurants"
06/29/2023,06/29/2023,"SHARE TEA VALLEJO CAAPPLE PAY ENDING IN 0155",4.67,"Restaurants"
06/29/2023,06/29/2023,"VALLEJO GROCERY OUTLET VALLEJO CA",12.48,"Supermarkets"
06/30/2023,06/30/2023,"INTERNET PAYMENT - THANK YOU",-126.14,"Payments and Credits"
07/03/2023,07/03/2023,"INTERNET PAYMENT - THANK YOU",-17.15,"Payments and Credits"
07/08/2023,07/08/2023,"TACOS JALISCO INC VALLEJO CA",31.98,"Restaurants"
07/10/2023,07/10/2023,"TEMU.COM TEMU.COM MAAPPLE PAY ENDING IN 0155TEMU.COM",41.21,"Department Stores"
07/10/2023,07/12/2023,"MCDONALD'S F6810 VALLEJO CA",10.91,"Restaurants"
07/11/2023,07/12/2023,"GEICO *AUTO 800-841-3000 DC6056575217230711013048",129.61,"Services"
07/11/2023,07/12/2023,"SAFEWAY #0989 VALLEJO CA",9.57,"Supermarkets"
07/16/2023,07/16/2023,"DD DOORDASH FRYMAZING 855-973-1040 CAAPPLE PAY ENDING IN 0155",25.56,"Restaurants"
07/16/2023,07/16/2023,"TARGET.COM * 800-591-3869 MN",65.03,"Merchandise"
07/17/2023,07/17/2023,"HONG KONG BANJUM PAIK'S SANTA CLARA CA",34.52,"Restaurants"
07/17/2023,07/17/2023,"SQ *DR.INK SAN JOSE CA0002305843018014040409",20.75,"Restaurants"
07/18/2023,07/18/2023,"DAISO BA12 SARATOGA SAN JOSE CA",49.25,"Merchandise"
07/18/2023,07/18/2023,"INTERNET PAYMENT - THANK YOU",-124.42,"Payments and Credits"
07/18/2023,07/18/2023,"MITSUWA MRKTPLACE SJ SAN JOSE CAAPPLE PAY ENDING IN 0155",7.38,"Supermarkets"
07/19/2023,07/19/2023,"STORY SUPERMARKET SSS SAN JOSE CA",51.36,"Supermarkets"
07/20/2023,07/20/2023,"85C BAKERY CAFE CONCORD CAAPPLE PAY ENDING IN 0155",5.10,"Merchandise"
07/20/2023,07/20/2023,"MCDONALD'S F6810 VALLEJO CA",6.56,"Restaurants"
07/20/2023,07/20/2023,"TST* NOKA RAMEN & BAR OAKLAND CA00100497012779346934AA",115.29,"Restaurants"
07/20/2023,07/20/2023,"UJI TIME CONCORD CAAPPLE PAY ENDING IN 0155",7.00,"Restaurants"
07/24/2023,07/24/2023,"INTERNET PAYMENT - THANK YOU",-352.71,"Payments and Credits"
07/26/2023,07/26/2023,"SQ *SHAKE SHACK LARKSPUR CAAPPLE PAY ENDING IN 01550001152921513012600213",12.87,"Restaurants"
07/31/2023,07/31/2023,"INTERNET PAYMENT - THANK YOU",-146.82,"Payments and Credits"
08/07/2023,08/07/2023,"CARDENAS MARKETS VALLEJO CAAPPLE PAY ENDING IN 0155",11.66,"Supermarkets"
08/07/2023,08/07/2023,"GLACIER WATER VENDING 3 TAMPA FL",2.60,"Restaurants"
08/07/2023,08/07/2023,"GLACIER WATER VENDING 3 TAMPA FL",2.60,"Restaurants"
08/11/2023,08/12/2023,"GEICO *AUTO 800-841-3000 DC6056575217000424562070",145.74,"Services"
08/11/2023,08/12/2023,"KING VALLEY TEA HOUSE PINOLE CA",47.74,"Restaurants"
08/11/2023,08/12/2023,"SHARE TEA VALLEJO CAAPPLE PAY ENDING IN 0155",5.95,"Restaurants"
08/12/2023,08/12/2023,"DOLLAR TREE VALLEJO CA",11.47,"Merchandise"
08/12/2023,08/12/2023,"TARGET 00003319091 VALLEJO CA",52.37,"Supermarkets"
08/13/2023,08/13/2023,"H MART - SAN JOSE SAN JOSE CAAPPLE PAY ENDING IN 0155",46.62,"Supermarkets"
08/13/2023,08/13/2023,"SQ *DR.INK SAN JOSE CAAPPLE PAY ENDING IN 01550001152921513074069099",6.25,"Restaurants"
08/14/2023,08/14/2023,"GONG CHA - SJSU SAN JOSE CAAPPLE PAY ENDING IN 0155",7.20,"Restaurants"
08/15/2023,08/15/2023,"TST* JSN TIGER II LLC SAN JOSE CAAPPLE PAY ENDING IN 015500001368013205938112AA",8.20,"Restaurants"
08/16/2023,08/16/2023,"7-ELEVEN 17496 SAN JOSE CA",21.97,"Gasoline"
08/21/2023,08/21/2023,"LION MARKET STORY SAN JOSE CA",22.72,"Supermarkets"
08/22/2023,08/22/2023,"PARKMOBILE 770-818-9036 GAAPPLE PAY ENDING IN 0155733832767",7.00,"Services"
08/23/2023,08/23/2023,"CHE PANDA EXPR CAFE SAN JOSE CAAPPLE PAY ENDING IN 0155",11.05,"Restaurants"
08/24/2023,08/24/2023,"CHE IN THE MIX CAFE SAN JOSE CAAPPLE PAY ENDING IN 0155",8.19,"Restaurants"
08/24/2023,08/24/2023,"SQ *NIRVANA SOUL SAN JOSE CAAPPLE PAY ENDING IN 01550001152921513114054872",14.14,"Restaurants"
08/25/2023,08/25/2023,"ASIAN LIVE SEAFOOD SAN JOSE CA",24.54,"Supermarkets"
08/25/2023,08/25/2023,"LION SUPER SAN JOSE CA",43.57,"Supermarkets"
08/25/2023,08/25/2023,"SQ *UME TEA MILPITAS MILPITAS CAAPPLE PAY ENDING IN 01550001152921513118621078",18.44,"Restaurants"
08/26/2023,08/26/2023,"DOLLAR TREE VALLEJO CA",10.79,"Merchandise"
08/27/2023,08/27/2023,"VALLEJO GROCERY OUTLET VALLEJO CA",15.70,"Supermarkets"
08/30/2023,08/30/2023,"CHE BRICKS CAFE SAN JOSE CAAPPLE PAY ENDING IN 0155",6.65,"Restaurants"
08/31/2023,08/31/2023,"EDFINITY.COM 6502546291 CA",35.00,"Merchandise"
08/31/2023,08/31/2023,"PARKMOBILE 770-818-9036 GAAPPLE PAY ENDING IN 0155737862633",5.00,"Services"
09/01/2023,09/01/2023,"PARKMOBILE 770-818-9036 GAAPPLE PAY ENDING IN 0155738334515",4.00,"Services"
09/02/2023,09/02/2023,"INTERNET PAYMENT - THANK YOU",-597.16,"Payments and Credits"
09/07/2023,09/07/2023,"PANERA BREAD #204476 K CAMPBELL CA00768R",22.84,"Restaurants"
09/08/2023,09/08/2023,"H MART - SAN JOSE SAN JOSE CAAPPLE PAY ENDING IN 0155",21.58,"Supermarkets"
09/08/2023,09/08/2023,"SQ *BBQ TOWNS SAN JOSE CAAPPLE PAY ENDING IN 01550001152921513169394702",12.02,"Restaurants"
09/09/2023,09/09/2023,"TST* JAMBA JUICE - 0436 SAN JOSE CAAPPLE PAY ENDING IN 0155",8.00,"Restaurants"
09/11/2023,09/12/2023,"GEICO *AUTO 800-841-3000 DC6056575217000440815262",144.93,"Services"
09/12/2023,09/12/2023,"CHE BRICKS CAFE SAN JOSE CAAPPLE PAY ENDING IN 0155",2.83,"Restaurants"
09/12/2023,09/12/2023,"SQ *LA LUNE SUCREE SAN JOSE CAAPPLE PAY ENDING IN 01550001152921513183180805",12.44,"Merchandise"
09/14/2023,09/14/2023,"DD DOORDASH JACKINTHE 855-973-1040 CAAPPLE PAY ENDING IN 0155",15.73,"Restaurants"
09/14/2023,09/14/2023,"SQ *NIRVANA SOUL SAN JOSE CAAPPLE PAY ENDING IN 01550001152921513191012893",18.87,"Restaurants"
09/14/2023,09/14/2023,"TST* TASTEA - VIETNAM SAN JOSE CAAPPLE PAY ENDING IN 015500112975013670199552AA",18.26,"Restaurants"
09/15/2023,09/15/2023,"IN-N-OUT TULLY SAN JOSE CAAPPLE PAY ENDING IN 015501544R",5.09,"Restaurants"
09/15/2023,09/15/2023,"LION SUPER SAN JOSE CA",45.12,"Supermarkets"
09/15/2023,09/15/2023,"PARKMOBILE 770-818-9036 GAAPPLE PAY ENDING IN 0155743858704",8.00,"Services"
09/15/2023,09/15/2023,"TISANE SAN JOSE CAAPPLE PAY ENDING IN 0155",8.12,"Restaurants"
09/17/2023,09/17/2023,"MICHAELS STORES 1675 VALLEJO CAAPPLE PAY ENDING IN 01551675000476352309171255",2.17,"Merchandise"
09/17/2023,09/17/2023,"PAYPAL *SKILLSCAN 888-221-1161 CA",11.95,"Education"
09/18/2023,09/18/2023,"CHE BRICKS CAFE SAN JOSE CAAPPLE PAY ENDING IN 0155",16.65,"Restaurants"
09/19/2023,09/19/2023,"WEPA CAMPUS PRINTING PELHAM ALAPPLE PAY ENDING IN 0155",5.20,"Services"
09/20/2023,09/20/2023,"DD DOORDASH WINGSTOP 855-973-1040 CAAPPLE PAY ENDING IN 0155",22.38,"Restaurants"
09/20/2023,09/20/2023,"LION MARKET STORY SAN JOSE CA",23.32,"Supermarkets"
09/20/2023,09/20/2023,"WALMART SC 05435 SAN JOSE CA",9.06,"Merchandise"
09/23/2023,09/23/2023,"STARBUCKS STORE 23597 SAN JOSE CAAPPLE PAY ENDING IN 0155C24EEA52CD32682233",3.95,"Restaurants"
09/23/2023,09/23/2023,"WALMART SC 05435 SAN JOSE CA",7.48,"Merchandise"
09/24/2023,09/24/2023,"DAISO BA12 SARATOGA SAN JOSE CA",13.48,"Merchandise"
09/24/2023,09/24/2023,"SQ *FUGETSU SAN JOSE SAN JOSE CAAPPLE PAY ENDING IN 01550001152921513226690220",10.94,"Restaurants"
09/25/2023,09/25/2023,"CHE BRICKS CAFE SAN JOSE CAAPPLE PAY ENDING IN 0155",3.54,"Restaurants"
09/25/2023,09/25/2023,"TST* TASTEA - VIETNAM SAN JOSE CA00112975013866836468AA",7.75,"Restaurants"
09/25/2023,09/25/2023,"WALMART SC 05435 SAN JOSE CA",5.78,"Merchandise"
09/26/2023,09/26/2023,"7-ELEVEN 14256 SAN JOSE CAAPPLE PAY ENDING IN 0155",7.67,"Gasoline"
09/26/2023,09/26/2023,"CHE BRICKS CAFE SAN JOSE CAAPPLE PAY ENDING IN 0155",3.54,"Restaurants"
09/27/2023,09/27/2023,"EZ CONTACTS 888-267-5367 NJ",251.85,"Merchandise"
09/28/2023,09/28/2023,"DD DOORDASH TACOBELL 855-973-1040 CAAPPLE PAY ENDING IN 0155",16.04,"Restaurants"
09/28/2023,09/28/2023,"H MART - SAN JOSE SAN JOSE CAAPPLE PAY ENDING IN 0155",32.60,"Supermarkets"
09/28/2023,09/28/2023,"SQ *BBQ TOWNS SAN JOSE CAAPPLE PAY ENDING IN 01550001152921513237111435",9.83,"Restaurants"
09/29/2023,09/29/2023,"KINGSTONE LLC RICHMOND CAAPPLE PAY ENDING IN 0155",10.96,"Merchandise"
09/29/2023,09/29/2023,"LION SUPER SAN JOSE CA",21.62,"Supermarkets"
09/29/2023,09/29/2023,"WALGREENS #3171 VALLEJO CA",6.98,"Merchandise"
09/30/2023,09/30/2023,"INTERNET PAYMENT - THANK YOU",-776.41,"Payments and Credits"
10/06/2023,10/06/2023,"INTERNET PAYMENT - THANK YOU",-72.16,"Payments and Credits"
10/07/2023,10/07/2023,"BEVERAGES & MORE #07 SANTA CLARA CAAPPLE PAY ENDING IN 0155",4.88,"Merchandise"
10/07/2023,10/07/2023,"N7 DRAFT TEA PLUS COFFEE SAN JOSE CAAPPLE PAY ENDING IN 0155",8.79,"Restaurants"
10/08/2023,10/08/2023,"BATTAMBANG ORIENTAL GROC SAN JOSE CA",10.00,"Supermarkets"
10/08/2023,10/08/2023,"DOWNTOWN SAN JOSE GROC SAN JOSE CA",18.10,"Supermarkets"
10/08/2023,10/08/2023,"H MART - SAN JOSE SAN JOSE CAAPPLE PAY ENDING IN 0155",13.59,"Supermarkets"
10/11/2023,10/12/2023,"CHE BRICKS CAFE SAN JOSE CAAPPLE PAY ENDING IN 0155",6.02,"Restaurants"
10/11/2023,10/12/2023,"GEICO *AUTO 800-841-3000 DC6056575217000457177769",144.93,"Services"
10/12/2023,10/12/2023,"DD DOORDASH CONSABORA 855-973-1040 CAAPPLE PAY ENDING IN 0155",22.00,"Restaurants"
10/13/2023,10/13/2023,"DD DOORDASH 7-ELEVEN 855-973-1040 CAAPPLE PAY ENDING IN 0155",14.50,"Restaurants"
10/14/2023,10/14/2023,"DD DOORDASH 7-ELEVEN 855-973-1040 CAAPPLE PAY ENDING IN 0155",18.82,"Restaurants"
10/15/2023,10/15/2023,"PORTOS BAKERY BUENA PK O 818-846-3586 CA",45.43,"Restaurants"
10/16/2023,10/16/2023,"CHE BRICKS CAFE SAN JOSE CAAPPLE PAY ENDING IN 0155",3.54,"Restaurants"
10/16/2023,10/16/2023,"MAXIM MARKET III SSS SAN JOSE CAAPPLE PAY ENDING IN 0155",19.63,"Supermarkets"
10/16/2023,10/16/2023,"TST* TASTEA - VIETNAM SAN JOSE CAAPPLE PAY ENDING IN 015500112975014204014069AA",6.55,"Restaurants"
10/16/2023,10/16/2023,"WALMART SC 05435 SAN JOSE CA",19.43,"Merchandise"
10/18/2023,10/18/2023,"DD DOORDASH TACOBELL 855-973-1040 CAAPPLE PAY ENDING IN 0155",18.83,"Restaurants"
10/19/2023,10/19/2023,"CHE BRICKS CAFE SAN JOSE CAAPPLE PAY ENDING IN 0155",3.87,"Restaurants"
10/20/2023,10/20/2023,"TST* TASTEA - VIETNAM TO SAN JOSE CAAPPLE PAY ENDING IN 0155",17.40,"Restaurants"
10/24/2023,10/24/2023,"SQ *PHILZ COFFEE SAN JOSE CAAPPLE PAY ENDING IN 01550001152921513335381070",5.30,"Restaurants"
10/25/2023,10/25/2023,"CHE BRICKS CAFE SAN JOSE CAAPPLE PAY ENDING IN 0155",20.22,"Restaurants"
10/28/2023,10/28/2023,"DINTAIFUNG VALLEYFAIR6 2122600895 CAAPPLE PAY ENDING IN 0155",29.53,"Restaurants"
10/28/2023,10/28/2023,"HUI LAU SHAN SANTA CLARA CAAPPLE PAY ENDING IN 0155",7.54,"Restaurants"
10/29/2023,10/29/2023,"DD DOORDASH 7-ELEVEN 855-973-1040 CAAPPLE PAY ENDING IN 0155",13.96,"Restaurants"
10/29/2023,10/29/2023,"DD DOORDASH POPEYESLO 855-973-1040 CAAPPLE PAY ENDING IN 0155",20.98,"Restaurants"
10/29/2023,10/29/2023,"H MART - SAN JOSE SAN JOSE CAAPPLE PAY ENDING IN 0155",19.16,"Supermarkets"
10/29/2023,10/29/2023,"SQ *BBQ TOWNS SAN JOSE CAAPPLE PAY ENDING IN 01550001152921513354192542",6.55,"Restaurants"
10/29/2023,10/29/2023,"TARGET 00020883091 SAN JOSE CA",5.77,"Supermarkets"
10/30/2023,10/30/2023,"CHE BRICKS CAFE SAN JOSE CAAPPLE PAY ENDING IN 0155",2.83,"Restaurants"
11/01/2023,11/01/2023,"INTERNET PAYMENT - THANK YOU",-500.39,"Payments and Credits"
11/03/2023,11/03/2023,"INTERNET PAYMENT - THANK YOU",-27.76,"Payments and Credits"
11/03/2023,11/03/2023,"SHABU TIME SAN JOSE CA",70.44,"Restaurants"
11/05/2023,11/05/2023,"HONG KONG BANJUM PAIK'S SANTA CLARA CAAPPLE PAY ENDING IN 0155",54.41,"Restaurants"
11/07/2023,11/07/2023,"TST* B PASTRY SANTA CLARA CAAPPLE PAY ENDING IN 0155",21.20,"Merchandise"
11/09/2023,11/09/2023,"PARKMOBILE 770-818-9036 GAAPPLE PAY ENDING IN 0155766448082",4.00,"Services"
11/10/2023,11/12/2023,"DD DOORDASH JACKINTHE 855-973-1040 CAAPPLE PAY ENDING IN 0155",22.90,"Restaurants"
11/10/2023,11/12/2023,"DUNKIN #363227 SAN JOSE CAAPPLE PAY ENDING IN 0155",11.35,"Restaurants"
11/11/2023,11/12/2023,"99 CENTS ONLY STORES #41 VALLEJO CA",6.12,"Supermarkets"
11/11/2023,11/12/2023,"GEICO *AUTO 800-841-3000 DC6056575217000473132728",144.93,"Services"
11/11/2023,11/12/2023,"WALMART SC 05609 VALLEJO CA",7.06,"Merchandise"
11/11/2023,11/12/2023,"WHEEL WORKS 462462 VALLEJO CA01133R",35.66,"Automotive"
11/12/2023,11/12/2023,"DD DOORDASH LLHAWAIIA 855-973-1040 CAAPPLE PAY ENDING IN 0155",15.00,"Restaurants"
11/13/2023,11/13/2023,"7-ELEVEN 16889 SAN JOSE CAAPPLE PAY ENDING IN 0155",3.05,"Gasoline"
11/13/2023,11/13/2023,"TST* B PASTRY SANTA CLARA CAAPPLE PAY ENDING IN 015500112218014652851495AA",20.35,"Merchandise"
11/14/2023,11/14/2023,"L & L HAWAIIAN BBQ #187 SAN JOSE CAAPPLE PAY ENDING IN 0155",10.88,"Restaurants"
11/16/2023,11/16/2023,"PARKMOBILE 770-818-9036 GAAPPLE PAY ENDING IN 0155769156117",6.00,"Services"
11/16/2023,11/16/2023,"SQ *LA LUNE SUCREE SAN JOSE CAAPPLE PAY ENDING IN 01550001152921513410470482",6.20,"Merchandise"
11/16/2023,11/16/2023,"TST* TASTEA - VIETNAM SAN JOSE CAAPPLE PAY ENDING IN 015500112975014693953125AA",16.96,"Restaurants"
11/17/2023,11/17/2023,"NIJIYA MARKET #64 SAN JOSE CAAPPLE PAY ENDING IN 0155",20.22,"Supermarkets"
11/18/2023,11/18/2023,"DUTCH BROS CA0602 STOCKT STOCKTON CA",14.45,"Restaurants"
11/19/2023,11/19/2023,"SAFEWAY #2776 SAN JOSE CA",30.11,"Supermarkets"
11/20/2023,11/20/2023,"CHE BRICKS CAFE SAN JOSE CAAPPLE PAY ENDING IN 0155",3.87,"Restaurants"
11/21/2023,11/21/2023,"DAISO BA12 SARATOGA SAN JOSE CA",5.47,"Merchandise"
11/21/2023,11/21/2023,"N7 DRAFT TEA & COFFEE SAN JOSE CAAPPLE PAY ENDING IN 0155",6.50,"Restaurants"
11/21/2023,11/21/2023,"WALMART SC 02486 SAN JOSE CA",13.55,"Merchandise"
11/24/2023,11/24/2023,"SHARE TEA VALLEJO CAAPPLE PAY ENDING IN 0155",4.65,"Restaurants"
11/26/2023,11/26/2023,"DD DOORDASH SUBWAY 855-973-1040 CAAPPLE PAY ENDING IN 0155",14.41,"Restaurants"
11/26/2023,11/26/2023,"ZERO& TEA AND BOBA 4157075663 CA",7.10,"Restaurants"
11/27/2023,11/27/2023,"WALMART.COM 800-966-6546 AR",124.08,"Merchandise"
11/28/2023,11/28/2023,"INTERNET PAYMENT - THANK YOU",-576.84,"Payments and Credits"
11/28/2023,11/28/2023,"KLARNA 8445527621 OHAPPLE PAY ENDING IN 0155",27.88,"Merchandise"
12/04/2023,12/04/2023,"INTERNET PAYMENT - THANK YOU",-151.96,"Payments and Credits"
12/05/2023,12/05/2023,"MAXIM MARKET III SSS SAN JOSE CA",13.78,"Supermarkets"
12/05/2023,12/05/2023,"WALMART STORE 05435 SAN JOSE CA",13.10,"Merchandise"
12/08/2023,12/08/2023,"AMZN MKTP US*TK4JV4QB3 AMZN.COM/BILLWARD81BEFHRH0",62.87,"Merchandise"
12/09/2023,12/09/2023,"DD DOORDASH 7LEAVESCA 855-973-1040 CAAPPLE PAY ENDING IN 0155",17.14,"Restaurants"
12/09/2023,12/09/2023,"DISH N DASH - MILPITAS MILPITAS CAAPPLE PAY ENDING IN 0155",19.41,"Restaurants"
12/09/2023,12/09/2023,"SQ *PHIN CAFE - BLOSSO SAN JOSE CAAPPLE PAY ENDING IN 01550001152921513484784545",6.90,"Restaurants"
12/10/2023,12/10/2023,"TARGET 00014266091 SAN JOSE CAAPPLE PAY ENDING IN 0155",30.89,"Supermarkets"
12/10/2023,12/12/2023,"ROSS STORES #175 SAN JOSE CAAPPLE PAY ENDING IN 0155",21.86,"Merchandise"
12/11/2023,12/12/2023,"DD DOORDASH PHOKIMLON 855-973-1040 CAAPPLE PAY ENDING IN 0155",20.63,"Restaurants"
12/11/2023,12/12/2023,"GEICO *AUTO 800-841-3000 DC6056575217000488938927",144.93,"Services"
12/11/2023,12/12/2023,"WALMART STORE 05435 SAN JOSE CA",0.50,"Merchandise"
12/12/2023,12/12/2023,"CARDENAS MARKETS VALLEJO CACASHOVER $ 2.00 PURCHASES $ 3.19APPLE PAY ENDING IN 0155",5.19,"Supermarkets"
12/12/2023,12/12/2023,"DOLLAR TREE VALLEJO CAAPPLE PAY ENDING IN 0155",2.73,"Merchandise"
12/12/2023,12/12/2023,"GLACIER WATER VENDING 3 TAMPA FLAPPLE PAY ENDING IN 0155",2.60,"Restaurants"
12/12/2023,12/12/2023,"GLACIER WATER VENDING 3 TAMPA FLAPPLE PAY ENDING IN 0155",2.60,"Restaurants"
12/13/2023,12/13/2023,"FEDEX OFFIC00054957069 VALLEJO CA",0.80,"Services"
12/13/2023,12/13/2023,"KLARNA 8445527621 OHAPPLE PAY ENDING IN 0155",26.83,"Merchandise"
12/14/2023,12/14/2023,"TACO BELL 041371 VALLEJO CAAPPLE PAY ENDING IN 0155",5.96,"Restaurants"
12/15/2023,12/15/2023,"BAMBU SAN JOSE CAAPPLE PAY ENDING IN 0155",15.00,"Restaurants"
12/15/2023,12/15/2023,"DD DOORDASH JOLLIBEE 855-973-1040 CAAPPLE PAY ENDING IN 0155",34.87,"Restaurants"
12/16/2023,12/16/2023,"DD DOORDASH CHICK-FIL 855-973-1040 CAAPPLE PAY ENDING IN 0155",22.96,"Restaurants"
12/16/2023,12/16/2023,"TACOS JALISCO INC VALLEJO CA",43.21,"Restaurants"
12/17/2023,12/17/2023,"SQ *MATCHA CAFE MAIKO SANTA CLARA CAAPPLE PAY ENDING IN 01550001152921513510768120",7.22,"Restaurants"
12/18/2023,12/18/2023,"COMBO EXPRESS VALLEJO CA",11.59,"Restaurants"
12/18/2023,12/18/2023,"DOLLAR TREE VALLEJO CA",9.76,"Merchandise"
12/19/2023,12/19/2023,"DUTCH BROS CA0104 MARTIN MARTINEZ CA",9.51,"Restaurants"
12/19/2023,12/19/2023,"FASTRAK CSC 415-486-8655 CA",30.00,"Travel/ Entertainment"
12/19/2023,12/19/2023,"INTERNET PAYMENT - THANK YOU",-341.96,"Payments and Credits"
12/19/2023,12/19/2023,"UNIQLO USA LLC NEW YORK NY",87.79,"Merchandise"
12/20/2023,12/20/2023,"FASTRAK CSC 415-486-8655 CA",40.00,"Travel/ Entertainment"
12/21/2023,12/21/2023,"TEMU.COM 302-480-6118 MAAPPLE PAY ENDING IN 0155",20.60,"Department Stores"
12/22/2023,12/22/2023,"TARGET 00003319091 VALLEJO CAAPPLE PAY ENDING IN 0155",13.25,"Supermarkets"
12/24/2023,12/24/2023,"DD DOORDASH FIREWINGS 855-973-1040 CAAPPLE PAY ENDING IN 0155",21.59,"Restaurants"
12/25/2023,12/25/2023,"SAFEWAY #0989 VALLEJO CAAPPLE PAY ENDING IN 0155",25.79,"Supermarkets"
12/26/2023,12/26/2023,"CASA CARMEL CORN MONTEREY CAAPPLE PAY ENDING IN 0155",15.49,"Merchandise"
12/27/2023,12/27/2023,"AMZN MKTP US*R20H758V3 AMZN.COM/BILLWA4PU2WTSJVA5",34.41,"Merchandise"
12/27/2023,12/27/2023,"KLARNA 8445527621 OHAPPLE PAY ENDING IN 0155",20.62,"Merchandise"
12/30/2023,12/30/2023,"INTERNET PAYMENT - THANK YOU",-520.42,"Payments and Credits"
01/04/2024,01/04/2024,"TARGET 00003319091 VALLEJO CA",5.96,"Supermarkets"
01/06/2024,01/06/2024,"DD DOORDASH IKESLOVES 855-973-1040 CAAPPLE PAY ENDING IN 0155",14.92,"Restaurants"
01/08/2024,01/08/2024,"MAXIM MARKET III SSS SAN JOSE CAAPPLE PAY ENDING IN 0155",12.33,"Supermarkets"
01/08/2024,01/08/2024,"SQ *PHIN CAFE - FREMON FREMONT CAAPPLE PAY ENDING IN 01550001152921513569255923",7.40,"Restaurants"
01/08/2024,01/08/2024,"UDEMY: ONLINE COURSES 8888385432 CA",14.99,"Education"
01/09/2024,01/09/2024,"99 RANCH #1761 SAN JOSE CA",14.61,"Supermarkets"
01/09/2024,01/09/2024,"SQ *GREAT VAPE SAN JOSE CA0001152921513571981707",36.55,"Merchandise"
01/09/2024,01/09/2024,"TST* TEASPOON - HOSTETTE SAN JOSE CA",6.00,"Restaurants"
01/10/2024,01/10/2024,"KLARNA 8445527621 OHAPPLE PAY ENDING IN 0155",20.63,"Merchandise"
01/10/2024,01/10/2024,"WALMART SC 05435 SAN JOSE CA",34.26,"Merchandise"
01/10/2024,01/12/2024,"DAISO BA12 SARATOGA SAN JOSE CA",19.63,"Merchandise"
01/11/2024,01/12/2024,"GEICO *AUTO 800-841-3000 DC6056575217000504962698",144.92,"Services"
01/11/2024,01/12/2024,"GREEN PAPAYA STREET FOOD STOCKTON CAAPPLE PAY ENDING IN 0155",21.71,"Restaurants"
01/14/2024,01/14/2024,"JUNENOV TEA (PLEASANT HI PLEASANT HILLCAAPPLE PAY ENDING IN 0155",27.16,"Restaurants"
01/19/2024,01/19/2024,"TARGET 00003319091 VALLEJO CA",29.32,"Supermarkets"
01/20/2024,01/20/2024,"DAVES HOT CHICKEN 1077 SAN JOSE CAAPPLE PAY ENDING IN 7043",16.30,"Restaurants"
01/20/2024,01/20/2024,"MAXIM MARKET III SSS SAN JOSE CA",17.77,"Supermarkets"
01/20/2024,01/20/2024,"SQ *COFFEE & WATER LAB SAN JOSE CAAPPLE PAY ENDING IN 70430001152921513603771439",17.35,"Restaurants"
01/22/2024,01/22/2024,"24 HOUR FITNESS SAN RAMON CA",1.00,"Travel/ Entertainment"
01/23/2024,01/23/2024,"WALMART STORE 05435 SAN JOSE CA",27.54,"Merchandise"
01/26/2024,01/26/2024,"99 RANCH #1761 SAN JOSE CA",20.89,"Supermarkets"
01/26/2024,01/26/2024,"GLACIER WATER VENDING TAMPA FLAPPLE PAY ENDING IN 7043",2.60,"Restaurants"
01/26/2024,01/26/2024,"TRADER JOE S #212 SAN JOSE CA",17.62,"Supermarkets"
01/27/2024,01/27/2024,"DD *DOORDASH VONSCHICK 6506819470 CAAPPLE PAY ENDING IN 7043",24.95,"Restaurants"
01/27/2024,01/27/2024,"EZ CONTACTS 888-267-5367 NJ",187.85,"Merchandise"
01/27/2024,01/27/2024,"TST* TEASPOON - HOSTETTE SAN JOSE CAAPPLE PAY ENDING IN 7043",6.00,"Restaurants"
01/28/2024,01/28/2024,"H MART SAN JOSE LLC SAN JOSE CA",34.53,"Supermarkets"
01/29/2024,01/29/2024,"DD DOORDASH CONSABORA 855-973-1040 CAAPPLE PAY ENDING IN 7043",18.40,"Restaurants"
01/29/2024,01/29/2024,"ZYBOOK COLLEGE TXTBOOK 4086349926 CA",99.00,"Services"
02/01/2024,02/01/2024,"WALGREENS #5454 SAN JOSE CAAPPLE PAY ENDING IN 7043",10.17,"Merchandise"
02/02/2024,02/02/2024,"INTERNET PAYMENT - THANK YOU",-902.19,"Payments and Credits"
02/03/2024,02/03/2024,"GIO CHA DUC HUONG SANDWI SAN JOSE CA",13.75,"Restaurants"
02/03/2024,02/03/2024,"H MART SAN JOSE LLC SAN JOSE CA",36.34,"Supermarkets"
02/03/2024,02/03/2024,"TRAM COFFEE (VIETNAM T 3127305592 IL",9.19,"Restaurants"
02/04/2024,02/04/2024,"TRAM COFFEE (VIETNAM T 3127305592 IL",8.00,"Restaurants"
02/04/2024,02/04/2024,"TRAM COFFEE (VIETNAM T 3127305592 IL",8.75,"Restaurants"
02/05/2024,02/05/2024,"24 HOUR FITNESS SAN RAMON CA",51.99,"Travel/ Entertainment"
02/07/2024,02/07/2024,"CHE IN THE MIX CAFE SAN JOSE CA",6.56,"Restaurants"
02/07/2024,02/07/2024,"HOUSE OF BAGELS SAN JOSE CA",0.85,"Restaurants"
02/08/2024,02/08/2024,"H MART SAN JOSE LLC SAN JOSE CAAPPLE PAY ENDING IN 7043",9.56,"Supermarkets"
02/08/2024,02/08/2024,"NIJIYA MARKET #64 SAN JOSE CAAPPLE PAY ENDING IN 7043",6.99,"Supermarkets"
02/08/2024,02/08/2024,"NIJIYA MARKET #64 SAN JOSE CAAPPLE PAY ENDING IN 7043",6.99,"Supermarkets"
02/09/2024,02/09/2024,"CHOWBUS*ORDER 3127305592 ILAPPLE PAY ENDING IN 7043",8.24,"Restaurants"
02/10/2024,02/10/2024,"DD DOORDASH WINGSTOP 855-973-1040 CAAPPLE PAY ENDING IN 7043",21.55,"Restaurants"
02/11/2024,02/12/2024,"GEICO *AUTO 800-841-3000 DC6056575217000520766510",103.34,"Services"
02/12/2024,02/12/2024,"CHE BRICKS CAFE SAN JOSE CAAPPLE PAY ENDING IN 7043",3.49,"Restaurants"
02/13/2024,02/13/2024,"PARKMOBILE 770-818-9036 GAAPPLE PAY ENDING IN 7043801118783",4.00,"Services"
02/13/2024,02/13/2024,"TRADER JOE S #212 SAN JOSE CAAPPLE PAY ENDING IN 7043",11.67,"Supermarkets"
02/15/2024,02/15/2024,"TST* TEASPOON - HOSTETTE SAN JOSE CA",11.50,"Restaurants"
02/15/2024,02/15/2024,"WALMART STORE 05435 SAN JOSE CA",5.94,"Merchandise"
02/16/2024,02/16/2024,"TRAM COFFEE (VIETNAM T 3127305592 IL",8.33,"Restaurants"
02/17/2024,02/17/2024,"TRAM COFFEE (VIETNAM T 3127305592 IL",8.33,"Restaurants"
02/18/2024,02/18/2024,"TARGET 00022384091 SAN JOSE CA",23.00,"Supermarkets"
02/20/2024,02/20/2024,"ACE PARKING 4885 SAN JOSE CAAPPLE PAY ENDING IN 7043",15.00,"Services"
02/20/2024,02/20/2024,"H MART SAN JOSE LLC SAN JOSE CA",30.27,"Supermarkets"
02/20/2024,02/20/2024,"WEPA CAMPUS PRINTING PELHAM ALAPPLE PAY ENDING IN 7043",3.40,"Services"
02/21/2024,02/21/2024,"24 HOUR FITNESS SAN RAMON CA",54.99,"Travel/ Entertainment"
02/22/2024,02/22/2024,"GLACIER WATER VENDING TAMPA FLAPPLE PAY ENDING IN 7043",2.60,"Restaurants"
02/22/2024,02/22/2024,"SQ *LA LUNE SUCREE SAN JOSE CAAPPLE PAY ENDING IN 70430001152921513703285670",13.23,"Merchandise"
02/22/2024,02/22/2024,"TARGET 00014266091 SAN JOSE CA",7.65,"Supermarkets"
02/23/2024,02/23/2024,"TARGET 00020883091 SAN JOSE CA",6.98,"Supermarkets"
02/24/2024,02/24/2024,"CHOWBUS*ORDER 3127305592 ILAPPLE PAY ENDING IN 7043",9.01,"Restaurants"
02/24/2024,02/24/2024,"TEMU.COM 302-480-6118 MAAPPLE PAY ENDING IN 7043",15.40,"Department Stores"
02/25/2024,02/25/2024,"CSJ 2ND-S. CARLOS GARAGE SAN JOSE CAAPPLE PAY ENDING IN 7043",2.00,"Services"
02/25/2024,02/25/2024,"CURRY LIFE SAN JOSE CAAPPLE PAY ENDING IN 7043",18.05,"Restaurants"
02/25/2024,02/25/2024,"SP NAPTIME DOODLER 4082060706 CAAPPLE PAY ENDING IN 7043",4.38,"Merchandise"
02/25/2024,02/25/2024,"SQ *CLAUDIA LAW SAN JOSE CAAPPLE PAY ENDING IN 70430001152921513716474473",5.47,"Travel/ Entertainment"
02/25/2024,02/25/2024,"SQ *SOOBIUMI SAN JOSE CAAPPLE PAY ENDING IN 70430001152921513716268656",5.47,"Services"
02/25/2024,02/25/2024,"TRAM COFFEE (VIETNAM T 3127305592 IL",10.08,"Restaurants"
02/27/2024,02/27/2024,"MAXIM MARKET III SSS SAN JOSE CA",5.08,"Supermarkets"
02/27/2024,02/27/2024,"TRAM COFFEE (VIETNAM T 3127305592 IL",10.05,"Restaurants"
02/28/2024,02/28/2024,"APPLE.COM/BILL 111-111-1111 CA",25.00,"Merchandise"
02/29/2024,02/29/2024,"INTERNET PAYMENT - THANK YOU",-597.64,"Payments and Credits"
03/01/2024,03/01/2024,"CHOWBUS*ORDER 3127305592 ILAPPLE PAY ENDING IN 7043",10.64,"Restaurants"
03/01/2024,03/01/2024,"DD DOORDASH CONSABORA 855-973-1040 CAAPPLE PAY ENDING IN 7043",19.49,"Restaurants"
03/01/2024,03/01/2024,"SPROUTS FARMERS MARKET SAN JOSE CAAPPLE PAY ENDING IN 7043",3.49,"Supermarkets"
03/01/2024,03/01/2024,"TRADER JOE S #212 SAN JOSE CA",20.45,"Supermarkets"
03/02/2024,03/02/2024,"TEMU.COM 302-480-6118 MAAPPLE PAY ENDING IN 7043",48.71,"Department Stores"
03/03/2024,03/03/2024,"TARGET 00020883091 SAN JOSE CAAPPLE PAY ENDING IN 7043",16.60,"Supermarkets"
03/04/2024,03/04/2024,"DD DOORDASH KINGEGGRO 855-973-1040 CAAPPLE PAY ENDING IN 7043",20.16,"Restaurants"
03/04/2024,03/04/2024,"TRAM COFFEE (VIETNAM T 3127305592 IL",8.05,"Restaurants"
03/05/2024,03/05/2024,"CARDENAS MARKETS SAN JOSE CAAPPLE PAY ENDING IN 7043",52.69,"Supermarkets"
03/06/2024,03/06/2024,"TEMU.COM 302-480-6118 MAAPPLE PAY ENDING IN 7043",21.08,"Department Stores"
03/07/2024,03/07/2024,"TST* PARIS BAGUETTE - GR SAN JOSE CA",14.07,"Restaurants"
03/08/2024,03/08/2024,"7 LEAVES SJ EST 17 SAN JOSE CAAPPLE PAY ENDING IN 7043",6.10,"Restaurants"
03/08/2024,03/08/2024,"TARGET 00014266091 SAN JOSE CAAPPLE PAY ENDING IN 7043",12.22,"Supermarkets"
03/09/2024,03/09/2024,"TARGET 00020883091 SAN JOSE CAAPPLE PAY ENDING IN 7043",9.38,"Supermarkets"
03/09/2024,03/09/2024,"WALGREENS #4372 SAN JOSE CAAPPLE PAY ENDING IN 7043",8.49,"Merchandise"
03/10/2024,03/12/2024,"TARGET 00020883091 SAN JOSE CAAPPLE PAY ENDING IN 7043",5.98,"Supermarkets"
03/10/2024,03/12/2024,"UNITED AIRLINES 18004214655 TX",36.00,"Travel/ Entertainment"
03/11/2024,03/12/2024,"DD DOORDASH JACKINT 8559731040 CAAPPLE PAY ENDING IN 7043",22.34,"Restaurants"
03/11/2024,03/12/2024,"GEICO *AUTO 800-841-3000 DC6056575217000536462296",102.51,"Services"
03/14/2024,03/14/2024,"TARGET 00020883091 SAN JOSE CA",5.47,"Supermarkets"
03/15/2024,03/15/2024,"TRAM COFFEE (VIETNAM T 3127305592 IL",12.84,"Restaurants"
03/17/2024,03/17/2024,"DUTCH BROS CA0105 VALLEJ VALLEJO CAAPPLE PAY ENDING IN 7043",13.11,"Restaurants"
03/18/2024,03/18/2024,"H MART SAN JOSE LLC SAN JOSE CAAPPLE PAY ENDING IN 7043",36.47,"Supermarkets"
03/19/2024,03/19/2024,"LION MARKET STORY SAN JOSE CA",18.17,"Supermarkets"
03/19/2024,03/19/2024,"TST* TASTEA - VIETNAM TO SAN JOSE CAAPPLE PAY ENDING IN 7043",19.33,"Restaurants"
03/21/2024,03/21/2024,"24 HOUR FITNESS SAN RAMON CA",54.99,"Travel/ Entertainment"
03/21/2024,03/21/2024,"SQ *RUBY THAI KITCHEN SAN JOSE CA0002305843019499009722",10.61,"Restaurants"
03/22/2024,03/22/2024,"7-ELEVEN 14288 SAN JOSE CAAPPLE PAY ENDING IN 7043",6.38,"Gasoline"
03/22/2024,03/22/2024,"DD DOORDASH CHINACHEN 855-973-1040 CAAPPLE PAY ENDING IN 7043",16.75,"Restaurants"
03/22/2024,03/22/2024,"SQ *BEASTEA SANTA CLARA CAAPPLE PAY ENDING IN 70430001152921513805947922",6.50,"Restaurants"
03/23/2024,03/23/2024,"7 LEAVES SJ EST 17 SAN JOSE CA",11.45,"Restaurants"
03/26/2024,03/26/2024,"WALGREENS #4372 SAN JOSE CAAPPLE PAY ENDING IN 7043",20.35,"Merchandise"
03/29/2024,03/29/2024,"DD DOORDASH WINGSTOP 855-973-1040 CAAPPLE PAY ENDING IN 7043",23.42,"Restaurants"
03/29/2024,03/29/2024,"GIO CHA DUC HUONG SANDWI SAN JOSE CA",26.25,"Restaurants"
03/29/2024,03/29/2024,"LION MARKET STORY SAN JOSE CA",27.52,"Supermarkets"
04/01/2024,04/01/2024,"88 BAO BAO VALLEJO CAAPPLE PAY ENDING IN 7043",37.94,"Restaurants"
04/01/2024,04/01/2024,"DOLLAR TREE VALLEJO CA",4.38,"Merchandise"
04/01/2024,04/01/2024,"DOLLARTREE VALLEJO CAAPPLE PAY ENDING IN 7043",7.50,"Merchandise"
04/01/2024,04/01/2024,"INTERNET PAYMENT - THANK YOU",-773.06,"Payments and Credits"
04/02/2024,04/02/2024,"SAFEWAY #2776 SAN JOSE CA",5.64,"Supermarkets"
04/02/2024,04/02/2024,"TEMU.COM 302-480-6118 MAAPPLE PAY ENDING IN 7043",65.01,"Department Stores"
04/03/2024,04/03/2024,"SQ *EATS THE WHARF WASHINGTON DCAPPLE PAY ENDING IN 70430002305843019574338313",17.60,"Supermarkets"
04/03/2024,04/03/2024,"TRAM COFFEE (VIETNAM T 3127305592 IL",17.33,"Restaurants"
04/04/2024,04/04/2024,"CVS/PHARMACY #01842 WASHINGTON DCAPPLE PAY ENDING IN 7043",7.64,"Merchandise"
04/04/2024,04/04/2024,"STARBUCKS STORE 11869 WASHINGTON DCB798AA09DFC1710212",5.23,"Restaurants"
04/07/2024,04/07/2024,"POPEYES 7081 SAN JOSE CA",12.56,"Restaurants"
04/08/2024,04/08/2024,"WALMART STORE 05435 SAN JOSE CA",16.13,"Merchandise"
04/09/2024,04/09/2024,"TEMU.COM 302-480-6118 MAAPPLE PAY ENDING IN 7043",27.00,"Department Stores"
04/10/2024,04/10/2024,"APPLE.COM/BILL 866-712-7753 CAAPPLE PAY ENDING IN 7043MN7LKNSLWDA0",3.41,"Merchandise"
04/10/2024,04/10/2024,"APPLE.COM/BILL 866-712-7753 CAAPPLE PAY ENDING IN 7043MN7LKNSM1DA0",5.00,"Merchandise"
04/11/2024,04/12/2024,"GEICO *AUTO 800-841-3000 DC6056575217000552059056",102.51,"Services"
04/11/2024,04/12/2024,"WALMART STORE 05435 SAN JOSE CA",4.18,"Merchandise"
04/11/2024,04/12/2024,"WALMART STORE 05435 SAN JOSE CA",20.30,"Merchandise"
04/12/2024,04/12/2024,"DD DOORDASH COMTAMDAT 855-973-1040 CAAPPLE PAY ENDING IN 7043",21.13,"Restaurants"
04/12/2024,04/12/2024,"TARGET 00014266091 SAN JOSE CAAPPLE PAY ENDING IN 7043",7.68,"Supermarkets"
04/14/2024,04/14/2024,"TARGET 00022384091 SAN JOSE CAAPPLE PAY ENDING IN 7043",29.52,"Supermarkets"
04/16/2024,04/16/2024,"EB AKBAYANSJSUS 36TH 801-413-7200 CAAPPLE PAY ENDING IN 7043",23.18,"Services"
04/16/2024,04/16/2024,"TST* TASTEA - VIETNAM SAN JOSE CA00112975017150624038AA",8.00,"Restaurants"
04/17/2024,04/17/2024,"SQ *NIRVANA SOUL SAN JOSE CAAPPLE PAY ENDING IN 70430001152921513899369237",7.64,"Restaurants"
04/18/2024,04/18/2024,"TARGET 00020883091 SAN JOSE CAAPPLE PAY ENDING IN 7043",10.47,"Supermarkets"
04/20/2024,04/20/2024,"FASTRAK CSC 415-486-8655 CA",25.00,"Travel/ Entertainment"
04/20/2024,04/20/2024,"TRAM COFFEE (VIETNAM T 3127305592 IL",17.15,"Restaurants"
04/21/2024,04/21/2024,"24 HOUR FITNESS SAN RAMON CA",54.99,"Travel/ Entertainment"
04/21/2024,04/21/2024,"WALMART.COM 8009666546 BENTONVILLE AR",38.85,"Merchandise"
04/22/2024,04/22/2024,"DD DOORDASH JACKINTHE 855-973-1040 CAAPPLE PAY ENDING IN 7043",17.04,"Restaurants"
04/23/2024,04/23/2024,"99 RANCH #1761 SAN JOSE CA",24.79,"Supermarkets"
04/26/2024,04/26/2024,"APPLE.COM/BILL 866-712-7753 CAAPPLE PAY ENDING IN 7043MN7LLVGLBSA0",4.99,"Merchandise"
04/26/2024,04/26/2024,"APPLE.COM/BILL 866-712-7753 CAAPPLE PAY ENDING IN 7043MN7LLVGLDKA0",5.00,"Merchandise"
04/26/2024,04/26/2024,"CURRY LIFE SAN JOSE CAAPPLE PAY ENDING IN 7043",18.05,"Restaurants"
04/26/2024,04/26/2024,"DAISO BA12 SARATOGA SAN JOSE CA",3.83,"Merchandise"
04/26/2024,04/26/2024,"DAISO BA12 SARATOGA SAN JOSE CA",5.74,"Merchandise"
04/26/2024,04/26/2024,"PG&E/EZ-PAY 800-743-5000 CA90653823042524",385.76,"Services"
04/27/2024,04/27/2024,"GREEN PAPAYA STREET FOOD STOCKTON CAAPPLE PAY ENDING IN 7043",13.79,"Restaurants"
04/27/2024,04/27/2024,"STOCKTON SUPERMARKE STOCKTON CAAPPLE PAY ENDING IN 7043",23.91,"Supermarkets"
04/27/2024,04/27/2024,"TRADER JOE S #212 SAN JOSE CA",36.06,"Supermarkets"
05/01/2024,05/01/2024,"INTERNET PAYMENT - THANK YOU",-1141.93,"Payments and Credits"
05/02/2024,05/02/2024,"EZ CONTACTS 888-267-5367 NJ",187.85,"Merchandise"
05/02/2024,05/02/2024,"SAFEWAY #2776 SAN JOSE CAAPPLE PAY ENDING IN 7043",3.49,"Supermarkets"
05/04/2024,05/04/2024,"HAPPY LEMON - SJ COLEMAN SAN JOSE CAAPPLE PAY ENDING IN 7043",7.98,"Restaurants"
05/04/2024,05/04/2024,"TARGET 00020883091 SAN JOSE CAAPPLE PAY ENDING IN 7043",6.00,"Supermarkets"
05/05/2024,05/05/2024,"GYU-KAKU RESTAURANT SAN JOSE CA00511R",39.16,"Restaurants"
05/05/2024,05/05/2024,"SQ *DR.INK SAN JOSE CAAPPLE PAY ENDING IN 70430001152921513994416423",8.05,"Restaurants"
05/07/2024,05/07/2024,"TST* TASTEA - VIETNAM SAN JOSE CAAPPLE PAY ENDING IN 704300112975017562473305AA",6.75,"Restaurants"
05/09/2024,05/09/2024,"PARKMOBILE 770-818-9036 GAAPPLE PAY ENDING IN 7043839501775",4.00,"Services"
05/09/2024,05/12/2024,"99 RANCH #1761 SAN JOSE CA",8.70,"Supermarkets"
05/10/2024,05/12/2024,"H MART DE ANZA LLC SAN JOSE CAAPPLE PAY ENDING IN 7043",5.66,"Supermarkets"
05/11/2024,05/12/2024,"GEICO *AUTO 800-841-3000 DC6056575217000567854615",102.51,"Services"
05/11/2024,05/12/2024,"TARGET 00026153091 FREMONT CAAPPLE PAY ENDING IN 7043",11.01,"Supermarkets"
05/11/2024,05/12/2024,"TEMU.COM 302-480-6118 MAAPPLE PAY ENDING IN 7043",-12.20,"Payments and Credits"
05/11/2024,05/12/2024,"TEMU.COM 302-480-6118 MAAPPLE PAY ENDING IN 7043",11.47,"Department Stores"
05/11/2024,05/12/2024,"TEMU.COM 302-480-6118 MAAPPLE PAY ENDING IN 7043",41.41,"Department Stores"
05/11/2024,05/12/2024,"WINGSTOP 326 SAN JOSE CAAPPLE PAY ENDING IN 7043",20.77,"Restaurants"
05/14/2024,05/14/2024,"99 RANCH #1761 SAN JOSE CA",5.28,"Supermarkets"
05/14/2024,05/14/2024,"PARKMOBILE 770-818-9036 GAAPPLE PAY ENDING IN 7043841302231",8.00,"Services"
05/15/2024,05/15/2024,"TRADER JOE S #212 SAN JOSE CA",1.47,"Supermarkets"
05/15/2024,05/15/2024,"TST* TEASPOON - HOSTETTE SAN JOSE CA",6.75,"Restaurants"
05/16/2024,05/16/2024,"GLACIER WATER VENDING TAMPA FLAPPLE PAY ENDING IN 7043",2.60,"Restaurants"
05/17/2024,05/17/2024,"L & L HAWAIIAN BBQ #187 SAN JOSE CAAPPLE PAY ENDING IN 7043",15.30,"Restaurants"
05/17/2024,05/17/2024,"PARKMOBILE 770-818-9036 GAAPPLE PAY ENDING IN 7043843047204",4.00,"Services"
05/17/2024,05/17/2024,"TRAM COFFEE (VIETNAM T 3127305592 IL",7.91,"Restaurants"
05/18/2024,05/18/2024,"H MART SAN JOSE LLC SAN JOSE CAAPPLE PAY ENDING IN 7043",18.96,"Supermarkets"
05/18/2024,05/18/2024,"SHEIN.COM NEW YORK NYAPPLE PAY ENDING IN 7043",66.21,"Merchandise"
05/19/2024,05/19/2024,"HAPPY LEMON - SJ COLEMAN SAN JOSE CAAPPLE PAY ENDING IN 7043",8.00,"Restaurants"
05/20/2024,05/20/2024,"SJSU CAFE SAN JOSE CAAPPLE PAY ENDING IN 7043",7.38,"Restaurants"
05/21/2024,05/21/2024,"24 HOUR FITNESS SAN RAMON CA",54.99,"Travel/ Entertainment"
05/21/2024,05/21/2024,"PARKMOBILE 770-818-9036 GAAPPLE PAY ENDING IN 7043844297915",6.00,"Services"
05/22/2024,05/22/2024,"DING TEA SAN JOSE SAN JOSE CAAPPLE PAY ENDING IN 7043",7.38,"Restaurants"
05/24/2024,05/24/2024,"88 BAO BAO VALLEJO CA",27.21,"Restaurants"
05/24/2024,05/24/2024,"PG&E/EZ-PAY 800-743-5000 CA93256455052424",224.33,"Services"
05/28/2024,05/28/2024,"99 RANCH #1761 SAN JOSE CA",23.90,"Supermarkets"
05/29/2024,05/29/2024,"JACK IN THE BOX 0444 SANTA CRUZ CA02927R",20.06,"Restaurants"
05/31/2024,05/31/2024,"99 RANCH #1761 SAN JOSE CAAPPLE PAY ENDING IN 7043",8.28,"Supermarkets"
05/31/2024,05/31/2024,"INTERNET PAYMENT - THANK YOU",-948.28,"Payments and Credits"
06/01/2024,06/01/2024,"SQ *LACAPHE GOSQ.COM CA0001152921514176400438",6.50,"Restaurants"
06/02/2024,06/02/2024,"SHEIN.COM NEW YORK NYAPPLE PAY ENDING IN 7043",70.90,"Merchandise"
06/03/2024,06/03/2024,"DOLLAR TREE SAN JOSE CAAPPLE PAY ENDING IN 7043",9.45,"Merchandise"
06/05/2024,06/05/2024,"99 RANCH #1761 SAN JOSE CAAPPLE PAY ENDING IN 7043",36.82,"Supermarkets"
06/05/2024,06/05/2024,"INTERNET PAYMENT - THANK YOU",-34.84,"Payments and Credits"
06/06/2024,06/06/2024,"HAPPY LEMON - SJ COLEMAN SAN JOSE CAAPPLE PAY ENDING IN 7043",7.43,"Restaurants"
06/06/2024,06/06/2024,"LION MARKET STORY SAN JOSE CA",11.66,"Supermarkets"
06/06/2024,06/06/2024,"WALMART STORE 05435 SAN JOSE CA",15.20,"Merchandise"
06/06/2024,06/06/2024,"WALMART.COM 800-925-6278 ARWTQHVO4F19AW",47.64,"Merchandise"
06/07/2024,06/10/2024,"SHEIN.COM NEW YORK NYAPPLE PAY ENDING IN 7043",-22.04,"Payments and Credits"
06/07/2024,06/10/2024,"SHEIN.COM NEW YORK NYAPPLE PAY ENDING IN 7043",-6.60,"Payments and Credits"
06/08/2024,06/08/2024,"MD SNOW SJ CAMPBELL CAAPPLE PAY ENDING IN 7043",14.49,"Restaurants"
06/08/2024,06/08/2024,"SHEIN.COM NEW YORK NYAPPLE PAY ENDING IN 7043",66.35,"Merchandise"
06/11/2024,06/12/2024,"CURRY LIFE SAN JOSE CAAPPLE PAY ENDING IN 7043",16.95,"Restaurants"
06/11/2024,06/12/2024,"DD DOORDASH GYU-KAKUJ 855-973-1040 CAAPPLE PAY ENDING IN 7043",18.40,"Restaurants"
06/11/2024,06/12/2024,"GEICO *AUTO 800-841-3000 DC6056575217000583667671",102.51,"Services"
06/11/2024,06/12/2024,"SQ *LACAPHE SAN JOSE CA0001152921514212640634",6.50,"Restaurants"
06/11/2024,06/12/2024,"TEMU.COM 302-480-6118 MAAPPLE PAY ENDING IN 7043",21.50,"Department Stores"
06/13/2024,06/13/2024,"LION SUPER SAN JOSE CAAPPLE PAY ENDING IN 7043",34.69,"Supermarkets"
06/15/2024,06/15/2024,"SAFEWAY #0989 VALLEJO CAAPPLE PAY ENDING IN 7043",2.49,"Supermarkets"
06/17/2024,06/17/2024,"TST* TASTEA - VIETNAM SAN JOSE CA00112975018358456511AA",6.75,"Restaurants"
06/18/2024,06/18/2024,"HAPPY LEMON - SJ COLEMAN SAN JOSE CAAPPLE PAY ENDING IN 7043",6.75,"Restaurants"
06/20/2024,06/20/2024,"SQ *DR.INK SAN JOSE CAAPPLE PAY ENDING IN 70430002305843019995595808",6.50,"Restaurants"
06/20/2024,06/20/2024,"WALMART.COM 800-925-6278 AR",39.66,"Merchandise"
06/21/2024,06/21/2024,"24 HOUR FITNESS SAN RAMON CA",54.99,"Travel/ Entertainment"
06/21/2024,06/21/2024,"PG&E/EZ-PAY 800-743-5000 CA96039927062124",250.43,"Services"
06/21/2024,06/21/2024,"SHEIN.COM NEW YORK NYAPPLE PAY ENDING IN 7043",49.98,"Merchandise"
06/23/2024,06/23/2024,"H MART SAN JOSE LLC SAN JOSE CAAPPLE PAY ENDING IN 7043",10.22,"Supermarkets"
06/28/2024,06/28/2024,"INTERNET PAYMENT - THANK YOU",-879.62,"Payments and Credits"
07/01/2024,07/01/2024,"85C BAKERY CAFE USA SAN JOSE CAAPPLE PAY ENDING IN 7043",5.40,"Merchandise"
07/01/2024,07/01/2024,"85C BAKERY CAFE USA SAN JOSE CAAPPLE PAY ENDING IN 7043",9.35,"Merchandise"
07/01/2024,07/01/2024,"SQ *BSW CUPERTINO CA0001152921514262847390",6.27,"Services"
07/02/2024,07/02/2024,"SUBWAY 846 SAN JOSE CAAPPLE PAY ENDING IN 7043",9.72,"Restaurants"
07/03/2024,07/03/2024,"LION SUPER SAN JOSE CA",55.56,"Supermarkets"
07/03/2024,07/03/2024,"TACO BELL 30793 SAN JOSE CA",12.02,"Restaurants"
07/04/2024,07/04/2024,"ALIPAY ALIPAY.COM CA",38.71,"Services"
07/05/2024,07/05/2024,"ALIPAY ALIPAY.COM CA",25.19,"Services"
07/05/2024,07/05/2024,"ALIPAY ALIPAY.COM CA",83.64,"Services"
07/09/2024,07/09/2024,"WINGSTOP 326 SAN JOSE CAAPPLE PAY ENDING IN 7043",20.77,"Restaurants"
07/10/2024,07/04/2024,"ALIPAY ALIPAY.COM CASECURITY DISPUTE ADJUSTMENT",-38.71,"Payments and Credits"
07/10/2024,07/05/2024,"ALIPAY ALIPAY.COM CASECURITY DISPUTE ADJUSTMENT",-83.64,"Payments and Credits"
07/10/2024,07/05/2024,"ALIPAY ALIPAY.COM CASECURITY DISPUTE ADJUSTMENT",-25.19,"Payments and Credits"
07/11/2024,07/12/2024,"APPLE.COM/BILL 866-712-7753 CAAPPLE PAY ENDING IN 7043MN8MF31NHXA0",5.00,"Merchandise"
07/11/2024,07/12/2024,"GEICO *AUTO 800-841-3000 DCITEM TRANSFERRED FROM PREV ACCOUNT",102.50,"Merchandise"
07/12/2024,07/12/2024,"CRUZ CREAMERY SANTA CRUZ CAAPPLE PAY ENDING IN 7043",5.50,"Restaurants"
07/12/2024,07/12/2024,"SHELL12616066002 SANTA CRUZ CAAPPLE PAY ENDING IN 7043",11.58,"Gasoline"
07/12/2024,07/12/2024,"SHELL12616066002 SANTA CRUZ CA",26.06,"Gasoline"
07/13/2024,07/13/2024,"TST* TASTEA - VIETNAM SAN JOSE CAAPPLE PAY ENDING IN 704300112975018862811710AA",6.75,"Restaurants"
07/13/2024,07/13/2024,"WALMART STORE 05435 SAN JOSE CA",8.60,"Merchandise"
07/16/2024,07/16/2024,"TRADER JOE S #212 SAN JOSE CA",16.82,"Supermarkets"
07/17/2024,07/17/2024,"AMAZON MKTPL*RS15P2EL1 AMZN.COM/BILLWAMW12F2D1K1D",23.78,"Merchandise"
07/18/2024,07/18/2024,"PG&E/EZ-PAY 800-743-5000 CA98915083071824",250.75,"Services"
07/19/2024,07/19/2024,"DD FIREWINGS 855-973-1040 CA",35.97,"Restaurants"
07/20/2024,07/20/2024,"TARGET 00020883091 SAN JOSE CA",5.47,"Supermarkets"
07/21/2024,07/21/2024,"24 HOUR FITNESS SAN RAMON CA",54.99,"Travel/ Entertainment"
07/21/2024,07/21/2024,"TRAM COFFEE (VIETNAM T 3127305592 IL",17.09,"Restaurants"
07/22/2024,07/22/2024,"FIVE BELOW 1435 MILPITAS CA",17.01,"Merchandise"
07/24/2024,07/24/2024,"TACO BELL #28842 FAIRFIELD CAAPPLE PAY ENDING IN 7043",7.59,"Restaurants"
07/26/2024,07/26/2024,"GSR 2ND ST MARKETPLACE RENO NVAPPLE PAY ENDING IN 7043",7.00,"Restaurants"
07/27/2024,07/27/2024,"FIVE BELOW 1418 VALLEJO CA",17.59,"Merchandise"
07/28/2024,07/28/2024,"DEVIL AND ANGEL VALLEJO VALLEJO CAAPPLE PAY ENDING IN 7043",8.48,"Restaurants"
07/28/2024,07/28/2024,"FASTRAK CSC 415-486-8655 CAITEM TRANSFERRED FROM PREV ACCOUNT",25.00,"Merchandise"
07/28/2024,07/28/2024,"T4 VALLEJO VALLEJO CAAPPLE PAY ENDING IN 7043",13.76,"Restaurants"
07/28/2024,07/28/2024,"TEMU.COM 302-480-6118 MAAPPLE PAY ENDING IN 7043",86.52,"Department Stores"
07/28/2024,07/29/2024,"DEVIL AND ANGEL VALLEJO VALLEJO CA",-5.20,"Payments and Credits"
07/30/2024,07/30/2024,"CASHBACK BONUS REDEMPTION PYMT/STMT CRDT",-242.17,"Awards and Rebate Credits"
07/30/2024,07/30/2024,"INTERNET PAYMENT - THANK YOU",-600.53,"Payments and Credits"
08/01/2024,08/01/2024,"LION MARKET STORY SAN JOSE CAAPPLE PAY ENDING IN 7043",10.87,"Supermarkets"
08/01/2024,08/01/2024,"SQ *LACAPHE GOSQ.COM CAAPPLE PAY ENDING IN 70430001152921514374692478",19.50,"Restaurants"
08/03/2024,08/03/2024,"DOLLARTREE VALLEJO CA",4.10,"Merchandise"
08/04/2024,08/04/2024,"BATH AND BODY WORKS#5541 VALLEJO CAAPPLE PAY ENDING IN 7043",13.00,"Merchandise"
08/04/2024,08/04/2024,"FOOD MAXX #489 VALLEJO CAAPPLE PAY ENDING IN 7043",5.00,"Supermarkets"
08/05/2024,08/05/2024,"7-ELEVEN 14263 SAN JOSE CAAPPLE PAY ENDING IN 7043",2.99,"Gasoline"
08/06/2024,08/06/2024,"LION MARKET STORY SAN JOSE CAAPPLE PAY ENDING IN 7043",8.40,"Supermarkets"
08/07/2024,08/07/2024,"99 RANCH #1761 SAN JOSE CAAPPLE PAY ENDING IN 7043",28.56,"Supermarkets"
08/07/2024,08/07/2024,"TRAM COFFEE (VIETNAM T 3127305592 IL",20.16,"Restaurants"
08/07/2024,08/07/2024,"TST* CAMPUS BURGERS SAN JOSE CAAPPLE PAY ENDING IN 7043",5.45,"Restaurants"
08/08/2024,08/08/2024,"TEMU.COM 302-480-6118 MAAPPLE PAY ENDING IN 6284",21.42,"Department Stores"
08/10/2024,08/10/2024,"WALMART STORE 05435 SAN JOSE CA",26.63,"Merchandise"
08/11/2024,08/12/2024,"GEICO *AUTO 800-841-3000 DC6056575217000615193683",119.33,"Services"
08/12/2024,08/12/2024,"DD *DOORDASH CONSABORA 6506819470 CAAPPLE PAY ENDING IN 7043",18.40,"Restaurants"
08/12/2024,08/12/2024,"H MART SAN JOSE LLC SAN JOSE CAAPPLE PAY ENDING IN 7043",6.99,"Supermarkets"
08/14/2024,08/14/2024,"AMAZON MKTPL*RM9NT3UH1 AMZN.COM/BILLWA3QLNFMUTQ0A",14.99,"Merchandise"
08/16/2024,08/16/2024,"WINGSTOP 324 OLO 510-367-3259 CAAPPLE PAY ENDING IN 7043",20.75,"Restaurants"
08/18/2024,08/18/2024,"JACK IN THE BOX 3453 VALLEJO CAAPPLE PAY ENDING IN 704301888R",13.11,"Restaurants"
08/19/2024,08/19/2024,"DUTCH BROS CA0105 VALLEJ VALLEJO CAAPPLE PAY ENDING IN 7043",8.10,"Restaurants"
08/19/2024,08/19/2024,"PG&E/EZ-PAY 800-743-5000 CA02416304081824",367.19,"Services"
08/20/2024,08/20/2024,"IC* INSTACART 8882467822 CAAPPLE PAY ENDING IN 7043",17.45,"Supermarkets"
08/21/2024,08/21/2024,"CHE BRICKS CAFE SAN JOSE CAAPPLE PAY ENDING IN 7043",4.09,"Restaurants"
08/22/2024,08/22/2024,"TST*CAMPUS BURGERS SAN JOSE CAAPPLE PAY ENDING IN 704300175063019647633474AA",3.26,"Restaurants"
08/23/2024,08/23/2024,"SAFEWAY #2776 SAN JOSE CAAPPLE PAY ENDING IN 7043",23.99,"Supermarkets"
08/25/2024,08/25/2024,"DD *DOORDASH CONSABORA 6506819470 CAAPPLE PAY ENDING IN 7043",20.86,"Restaurants"
08/28/2024,08/28/2024,"DOWNTOWN SAN JOSE GROC SAN JOSE CAAPPLE PAY ENDING IN 7043",12.60,"Supermarkets"
08/29/2024,08/29/2024,"DD *DOORDASHDASHPASS 6506819470 CAAPPLE PAY ENDING IN 7043",9.99,"Restaurants"
08/30/2024,08/30/2024,"IC* INSTACART*1102 8882467822 CAAPPLE PAY ENDING IN 7043",22.20,"Supermarkets"
08/31/2024,08/31/2024,"CURRY LIFE SAN JOSE CAAPPLE PAY ENDING IN 7043",20.23,"Restaurants"
09/04/2024,09/04/2024,"INTERNET PAYMENT - THANK YOU",-894.61,"Payments and Credits"
